jmeter.companyA02@mailto.plus,Testlife@123,283988,571162,571168,571166
jmeter.companyB02@mailto.plus,Testlife@123,284170,571811,571817,571815
jmeter.companyC02@mailto.plus,Testlife@123,283962,,,
jmeter.companyD02@mailto.plus,Testlife@123,,,,
jmeter.companyE02@mailto.plus,Testlife@123,,,,
jmeter.companyF02@mailto.plus,Testlife@123,,,,
jmeter.companyG02@mailto.plus,Testlife@123,,,,
jmeter.companyH02@mailto.plus,Testlife@123,,,,
jmeter.companyI02@mailto.plus,Testlife@123,,,,
jmeter.companyJ02@mailto.plus,Testlife@123,,,,
jmeter.companyK02@mailto.plus,Testlife@123,,,,
jmeter.companyL02@mailto.plus,Testlife@123,,,,
jmeter.companyM02@mailto.plus,Testlife@123,,,,
jmeter.companyN02@mailto.plus,Testlife@123,,,,
jmeter.companyO02@mailto.plus,Testlife@123,,,,
jmeter.companyP02@mailto.plus,Testlife@123,,,,
jmeter.companyQ02@mailto.plus,Testlife@123,,,,
jmeter.companyR02@mailto.plus,Testlife@123,,,,
jmeter.companyS02@mailto.plus,Testlife@123,,,,
jmeter.companyT02@mailto.plus,Testlife@123,,,,
jmeter.companyU02@mailto.plus,Testlife@123,,,,
jmeter.companyV02@mailto.plus,Testlife@123,,,,
jmeter.companyW02@mailto.plus,Testlife@123,,,,
jmeter.companyX02@mailto.plus,Testlife@123,,,,
jmeter.companyY02@mailto.plus,Testlife@123,,,,
jmeter.companyZ02@mailto.plus,Testlife@123,,,,
jmeter.companyA01@mailto.plus,Testlife@123,,,,
jmeter.companyB01@mailto.plus,Testlife@123,,,,
jmeter.companyC01@mailto.plus,Testlife@123,,,,
jmeter.companyD01@mailto.plus,Testlife@123,,,,
jmeter.companyE01@mailto.plus,Testlife@123,,,,
jmeter.companyF01@mailto.plus,Testlife@123,,,,
jmeter.companyG01@mailto.plus,Testlife@123,,,,
jmeter.companyH01@mailto.plus,Testlife@123,,,,
jmeter.companyI01@mailto.plus,Testlife@123,,,,
jmeter.companyJ01@mailto.plus,Testlife@123,,,,
jmeter.companyK01@mailto.plus,Testlife@123,,,,
jmeter.companyL01@mailto.plus,Testlife@123,,,,
jmeter.companyM01@mailto.plus,Testlife@123,,,,
jmeter.companyN01@mailto.plus,Testlife@123,,,,
jmeter.companyO01@mailto.plus,Testlife@123,,,,
jmeter.companyP01@mailto.plus,Testlife@123,,,,
jmeter.companyQ01@mailto.plus,Testlife@123,,,,
jmeter.companyR01@mailto.plus,Testlife@123,,,,
jmeter.companyS01@mailto.plus,Testlife@123,,,,
jmeter.companyT01@mailto.plus,Testlife@123,,,,
jmeter.companyU01@mailto.plus,Testlife@123,,,,
jmeter.companyV01@mailto.plus,Testlife@123,,,,
jmeter.companyW01@mailto.plus,Testlife@123,,,,
jmeter.companyX01@mailto.plus,Testlife@123,,,,
jmeter.companyY01@mailto.plus,Testlife@123,,,,
jmeter.companyZ01@mailto.plus,Testlife@123,,,,
jmeter.companyA03@mailto.plus,Testlife@123,,,,
jmeter.companyB03@mailto.plus,Testlife@123,,,,
jmeter.companyC03@mailto.plus,Testlife@123,,,,
jmeter.companyD03@mailto.plus,Testlife@123,,,,
jmeter.companyE03@mailto.plus,Testlife@123,,,,
jmeter.companyF03@mailto.plus,Testlife@123,,,,
jmeter.companyG03@mailto.plus,Testlife@123,,,,
jmeter.companyH03@mailto.plus,Testlife@123,,,,
jmeter.companyI03@mailto.plus,Testlife@123,,,,
jmeter.companyJ03@mailto.plus,Testlife@123,,,,
jmeter.companyK03@mailto.plus,Testlife@123,,,,
jmeter.companyL03@mailto.plus,Testlife@123,,,,
jmeter.companyM03@mailto.plus,Testlife@123,,,,
jmeter.companyN03@mailto.plus,Testlife@123,,,,
jmeter.companyO03@mailto.plus,Testlife@123,,,,
jmeter.companyP03@mailto.plus,Testlife@123,,,,
jmeter.companyQ03@mailto.plus,Testlife@123,,,,
jmeter.companyR03@mailto.plus,Testlife@123,,,,
jmeter.companyS03@mailto.plus,Testlife@123,,,,
jmeter.companyT03@mailto.plus,Testlife@123,,,,
jmeter.companyU03@mailto.plus,Testlife@123,,,,
jmeter.companyV03@mailto.plus,Testlife@123,,,,
jmeter.companyW03@mailto.plus,Testlife@123,,,,
jmeter.companyX03@mailto.plus,Testlife@123,,,,
jmeter.companyY03@mailto.plus,Testlife@123,,,,
jmeter.companyZ03@mailto.plus,Testlife@123,,,,
jmeter.companyA04@mailto.plus,Testlife@123,,,,
jmeter.companyB04@mailto.plus,Testlife@123,,,,
jmeter.companyC04@mailto.plus,Testlife@123,,,,
jmeter.companyD04@mailto.plus,Testlife@123,,,,
jmeter.companyE04@mailto.plus,Testlife@123,,,,
jmeter.companyF04@mailto.plus,Testlife@123,,,,
jmeter.companyG04@mailto.plus,Testlife@123,,,,
jmeter.companyH04@mailto.plus,Testlife@123,,,,
jmeter.companyI04@mailto.plus,Testlife@123,,,,
jmeter.companyJ04@mailto.plus,Testlife@123,,,,
jmeter.companyK04@mailto.plus,Testlife@123,,,,
jmeter.companyL04@mailto.plus,Testlife@123,,,,
jmeter.companyM04@mailto.plus,Testlife@123,,,,
jmeter.companyN04@mailto.plus,Testlife@123,,,,
jmeter.companyO04@mailto.plus,Testlife@123,,,,
jmeter.companyP04@mailto.plus,Testlife@123,,,,
jmeter.companyQ04@mailto.plus,Testlife@123,,,,
jmeter.companyR04@mailto.plus,Testlife@123,,,,
jmeter.companyS04@mailto.plus,Testlife@123,,,,
jmeter.companyT04@mailto.plus,Testlife@123,,,,
jmeter.companyU04@mailto.plus,Testlife@123,,,,
jmeter.companyV04@mailto.plus,Testlife@123,,,,
