jmeter.companyaaa@mailto.plus,Testlife@123
jmeter.companybbb@mailto.plus,Testlife@123
jmeter.companyccc@mailto.plus,Testlife@123
jmeter.companyddd@mailto.plus,Testlife@123
jmeter.companyeee@mailto.plus,Testlife@123
jmeter.companyfff@mailto.plus,Testlife@123
jmeter.companyggg@mailto.plus,Testlife@123
jmeter.companyhhh@mailto.plus,Testlife@123
jmeter.companyiii@mailto.plus,Testlife@123
jmeter.companyjjj@mailto.plus,Testlife@123
jmeter.companykkk@mailto.plus,Testlife@123
jmeter.companylll@mailto.plus,Testlife@123
jmeter.companymmm@mailto.plus,Testlife@123
jmeter.companynnn@mailto.plus,Testlife@123
jmeter.companyooo@mailto.plus,Testlife@123
jmeter.companyppp@mailto.plus,Testlife@123
jmeter.companyqqq@mailto.plus,Testlife@123
jmeter.companyrrr@mailto.plus,Testlife@123
jmeter.companysss@mailto.plus,Testlife@123
jmeter.companyttt@mailto.plus,Testlife@123
jmeter.companyuuu@mailto.plus,Testlife@123
jmeter.companyvvv@mailto.plus,Testlife@123
jmeter.companywww@mailto.plus,Testlife@123
jmeter.companyxxx@mailto.plus,Testlife@123
jmeter.companyyyy@mailto.plus,Testlife@123
jmeter.companyzzz@mailto.plus,Testlife@123
jmeter.companyaaaa@mailto.plus,Testlife@123
jmeter.companybbbb@mailto.plus,Testlife@123
jmeter.companycccc@mailto.plus,Testlife@123
jmeter.companydddd@mailto.plus,Testlife@123
jmeter.companyeeee@mailto.plus,Testlife@123
jmeter.companyffff@mailto.plus,Testlife@123
jmeter.companygggg@mailto.plus,Testlife@123
jmeter.companyhhhh@mailto.plus,Testlife@123
jmeter.companyiiii@mailto.plus,Testlife@123
jmeter.companyjjjj@mailto.plus,Testlife@123
jmeter.companykkkk@mailto.plus,Testlife@123
jmeter.companyllll@mailto.plus,Testlife@123
jmeter.companymmmm@mailto.plus,Testlife@123
jmeter.companynnnn@mailto.plus,Testlife@123
jmeter.companyoooo@mailto.plus,Testlife@123
jmeter.companypppp@mailto.plus,Testlife@123
jmeter.companyqqqq@mailto.plus,Testlife@123
jmeter.companyrrrr@mailto.plus,Testlife@123
jmeter.companyssss@mailto.plus,Testlife@123
jmeter.companytttt@mailto.plus,Testlife@123
jmeter.companyuuuu@mailto.plus,Testlife@123
jmeter.companyvvvv@mailto.plus,Testlife@123
jmeter.companywwww@mailto.plus,Testlife@123
jmeter.companyxxxx@mailto.plus,Testlife@123
